{
  "main": {
    "id": "71cad363e803b8b3",
    "type": "split",
    "children": [
      {
        "id": "9950cf7e3dacf3b9",
        "type": "tabs",
        "children": [
          {
            "id": "0dbbc7e9371607d9",
            "type": "leaf",
            "state": {
              "type": "markdown",
              "state": {
                "file": "测试文档.md",
                "mode": "source",
                "source": false
              },
              "icon": "lucide-file",
              "title": "测试文档"
            }
          },
          {
            "id": "ca33b01328818f19",
            "type": "leaf",
            "state": {
              "type": "markdown",
              "state": {
                "file": "markdown-examples.md",
                "mode": "source",
                "source": false
              },
              "icon": "lucide-file",
              "title": "markdown-examples"
            }
          }
        ],
        "currentTab": 1
      }
    ],
    "direction": "vertical"
  },
  "left": {
    "id": "4fa065a5548ead5e",
    "type": "split",
    "children": [
      {
        "id": "003c54ff9fc98116",
        "type": "tabs",
        "children": [
          {
            "id": "fbd4eed1a8a23ac1",
            "type": "leaf",
            "state": {
              "type": "file-explorer",
              "state": {
                "sortOrder": "alphabetical"
              },
              "icon": "lucide-folder-closed",
              "title": "文件列表"
            }
          },
          {
            "id": "1c9e63c95c8344e0",
            "type": "leaf",
            "state": {
              "type": "search",
              "state": {
                "query": "20241029102107",
                "matchingCase": false,
                "explainSearch": false,
                "collapseAll": false,
                "extraContext": false,
                "sortOrder": "alphabetical"
              },
              "icon": "lucide-search",
              "title": "搜索"
            }
          },
          {
            "id": "7ad4110b2e3c90e7",
            "type": "leaf",
            "state": {
              "type": "bookmarks",
              "state": {},
              "icon": "lucide-bookmark",
              "title": "书签"
            }
          }
        ]
      }
    ],
    "direction": "horizontal",
    "width": 300
  },
  "right": {
    "id": "8cad4a7059daef02",
    "type": "split",
    "children": [
      {
        "id": "699c09e1c4b5e23a",
        "type": "tabs",
        "children": [
          {
            "id": "8422199d320e61f4",
            "type": "leaf",
            "state": {
              "type": "outgoing-link",
              "state": {
                "file": "docsify/docsify.md",
                "linksCollapsed": false,
                "unlinkedCollapsed": true
              },
              "icon": "links-going-out",
              "title": "docsify 的出链列表"
            }
          },
          {
            "id": "123db22ac4f3fa4e",
            "type": "leaf",
            "state": {
              "type": "tag",
              "state": {
                "sortOrder": "frequency",
                "useHierarchy": true
              },
              "icon": "lucide-tags",
              "title": "标签"
            }
          },
          {
            "id": "e1d6dc47f334462b",
            "type": "leaf",
            "state": {
              "type": "outline",
              "state": {
                "file": "docsify/docsify.md"
              },
              "icon": "lucide-list",
              "title": "docsify 的大纲"
            }
          },
          {
            "id": "7e6cc3586c330e99",
            "type": "leaf",
            "state": {
              "type": "backlink",
              "state": {
                "file": "docsify/docsify.md",
                "collapseAll": false,
                "extraContext": false,
                "sortOrder": "alphabetical",
                "showSearch": false,
                "searchQuery": "",
                "backlinkCollapsed": false,
                "unlinkedCollapsed": true
              },
              "icon": "links-coming-in",
              "title": "docsify 的反向链接列表"
            }
          }
        ]
      }
    ],
    "direction": "horizontal",
    "width": 300,
    "collapsed": true
  },
  "left-ribbon": {
    "hiddenItems": {
      "graph:查看关系图谱": false,
      "templates:插入模板": false,
      "oz-clear-unused-images:Clear Unused Images": false
    }
  },
  "active": "fbd4eed1a8a23ac1",
  "lastOpenFiles": [
    "index.md",
    "api-examples.md",
    "markdown-examples.md",
    "2024-10-24.md",
    "docsify/docsify.md",
    "2024-10-29.png",
    "测试文档.md",
    "未命名.md",
    "Attachment/OUTPUT2.pdf",
    "Attachment/2024-11-11-2.png",
    "Attachment/2024-11-11-1.png",
    "Attachment/2024-11-11.png",
    "未分类/2022-0907-Python备份电脑最近操作的文件.md",
    "未分类/obsidian使用教程.md",
    "日记/未命名.md",
    "pic/2024-10-29-1.png",
    "日记/未命名 02.md",
    "pic/20241029.png",
    "日记/未命名01.md",
    "pic/Pasted image 20241029102107.png",
    "pic/2024-10-29.png",
    "pic/9920241029101151.png",
    "pic/20241029100338.png",
    "日记/加密文件.md",
    "template/EX01.md",
    "未分类",
    "moban.md",
    "obsidian",
    "template",
    "example",
    "新建文件夹",
    "202410282214.md",
    "202410282209.md",
    "2024-10-28.md",
    "202410282212.md",
    "202410282211.md",
    "202410282210.md",
    "202410282215.md",
    "202410282213.md",
    "pic",
    "日记"
  ]
}