{
  "main": {
    "id": "a48fbc0b1f7583f9",
    "type": "split",
    "children": [
      {
        "id": "467d1c46a3aaef75",
        "type": "tabs",
        "children": [
          {
            "id": "5adcdd4bff740afb",
            "type": "leaf",
            "state": {
              "type": "markdown",
              "state": {
                "file": "测试文档.md",
                "mode": "source",
                "source": false
              }
            }
          }
        ]
      }
    ],
    "direction": "vertical"
  },
  "left": {
    "id": "8ff15624b697ffab",
    "type": "mobile-drawer",
    "children": [
      {
        "id": "aabe3a001e16c0fe",
        "type": "leaf",
        "state": {
          "type": "file-explorer",
          "state": {
            "sortOrder": "alphabetical"
          }
        }
      },
      {
        "id": "78efac22f5455404",
        "type": "leaf",
        "state": {
          "type": "search",
          "state": {
            "query": "",
            "matchingCase": false,
            "explainSearch": false,
            "collapseAll": false,
            "extraContext": false,
            "sortOrder": "alphabetical"
          }
        }
      },
      {
        "id": "da3d48b7086af8f8",
        "type": "leaf",
        "state": {
          "type": "tag",
          "state": {
            "sortOrder": "frequency",
            "useHierarchy": true
          }
        }
      },
      {
        "id": "5696c7783f14cbd0",
        "type": "leaf",
        "state": {
          "type": "bookmarks",
          "state": {}
        }
      }
    ],
    "currentTab": 0
  },
  "right": {
    "id": "57ff4e6cd34c36cb",
    "type": "mobile-drawer",
    "children": [
      {
        "id": "cc16f42c6dc88307",
        "type": "leaf",
        "state": {
          "type": "backlink",
          "state": {
            "file": "测试文档.md",
            "collapseAll": false,
            "extraContext": false,
            "sortOrder": "alphabetical",
            "showSearch": false,
            "searchQuery": "",
            "backlinkCollapsed": false,
            "unlinkedCollapsed": true
          }
        }
      },
      {
        "id": "809fcbdca21aebc9",
        "type": "leaf",
        "state": {
          "type": "outgoing-link",
          "state": {
            "file": "测试文档.md",
            "linksCollapsed": false,
            "unlinkedCollapsed": true
          }
        }
      },
      {
        "id": "7d59a6bf8bb600aa",
        "type": "leaf",
        "state": {
          "type": "outline",
          "state": {
            "file": "测试文档.md"
          }
        }
      }
    ],
    "currentTab": 0
  },
  "left-ribbon": {
    "hiddenItems": {
      "switcher:打开快速切换": false,
      "graph:查看关系图谱": false,
      "canvas:新建白板": false,
      "daily-notes:打开/创建今天的日记": false,
      "templates:插入模板": false,
      "command-palette:打开命令面板": false,
      "remotely-save:Remotely Save": false
    }
  },
  "active": "5adcdd4bff740afb",
  "lastOpenFiles": [
    "yuque_backup/xdd1997/博客文章-公开/42403748/工具分享/各种软件.md",
    "测试文档.md"
  ]
}